Player Name,Username
Rafael Nadal,rafaelnadal
Roger Federer,rogerfederer
Novak Djokovic,djokernole
Juan Martin del Potro,delpotrojuan
Andy Murray,andymurray
Nick Kyrgios,k1ngkyrg1os
Stan Wawrinka,stanwawrinka85
Grigor Dimitrov,grigordimitrov
Alexander Zverev,alexzverev123
Dominic Thiem,domithiem
Kei Nishikori,keinishikori
Stefanos Tsitsipas,stefanostsitsipas98
Gael Monfils,iamgaelmonfils
Tomas Berdych,tomasberdych
Milos Raonic,mraonic
Fabio Fognini,fabiofogna
Diego Sebastian Schwartzman,dieschwartzman
Denis Shapovalov,denis.shapovalov
Fernando Verdasco,FerVerdasco
David Goffin,David__Goffin
Feliciano Lopez,felilopezoficial
Borna Coric,bornacoric
Marin Čilić,marincilic
John Isner,johnrisner
Lucas Pouille,lucaspouille
Benoit Paire,benpaire
Richard Gasquet,richardgasquet34
Hyeon Chung,hyeon519
Kevin Anderson,kandersonatp
Karen Khachanov,karenkhachanov
Alex De Minaur,alexdeminaur
Frances Tiafoe,bigfoe1998
Marco Cecchinato,ceck1
Guido Pella,guido_pella
Pierre-Hugues Herbert,pierrehuguesherbert
Kyle Edmund,kyle.edmund
Vasek Pospisil,vasek.pospisil
Taylor Fritz,Taylor_Fritz
Nico Jarry,nicojarry
Jeremy Chardy,jimchardy
Pablo Carreño,pablo_carreno_
João Sousa,joaosousaoficial
Andreas Seppi,andyseppio
Roberto Bautista Agut,robertobautistaagut
Mischa Zverev,mischazverevofficial
Medvedev Daniil,medwed33
Pablo Cuevas,pablocuevas86
Malek Jaziri,jazirimalek
Cristian Garin,garincris
Nikoloz Basilashvili,nikolozbasilashvili
Damir Dzumhur,damirdzumhur
Sam Querrey,samquerrey
Ivo Karlovic,ivokarlovic
John Millman,johnnyhm
Steve Johnson,steviej345
Fucsovics Marton,fucsovicsmarci
Filip Krajinović,krajinovic_filip
Matt Ebden,matt_ebden
Ryan Harrison,ryan.harrison92
Pablo Andujar,pabloandujaroficial
Matteo Berrettini,matberrettini
Taro Daniel,tarodaniel
Marius Copil,marius_copil
Jaume Muna,munarclar
Albert Ramos Viñolas,albertramosvinolas
Robin Haase,robin_haase
Dusan Lajovic,dutzee
Denis Kudla,deniskudla
Mackenzie McDonald,mackiemacster
Cameron Norrie,norriee
Federico Delbonis,FedeDelbonis
Aljaz Bedene,aljazbedene
Jordan Thompson,jordanthompson2004
Reilly Opelka,reillyopelka
Yoshihito Nishioka,yoshihito0927
Adrian Mannarino,AdrianMannarino
Thomas Fabbiano,thommy_fabs
Jiri Vesely,veselyjiri
Maximilian Marterer,maxi_marterer
Tennys Sandgren,tsandgren7
Bernard Tomic,bernard_tomic
Evgeny Donskoy,edonskoy
Guido Andreozzi,guidoandreozzi
Mirza Basic,mirzabasic91
Hubert Hurkacz,HubiHurkacz
Jozef Kovalik,jozefkovalik
Ernests Gulbis,ernestsgulbiss
Carlos Alcaraz Garfia,carlitosalcarazz
Jannik Sinner,janniksin
Andrey Rublev,andreyrublev
Holger Vitus Nodskov Rune,holgerrune
Casper Ruud,casperruud
Tommy Paul,tommypaull
Ben Shelton,benshelton
Francisco Cerundolo,francerundolo
Tallon Griekspoor,tallongrieki
Sebastian Korda,sebastiankorda
Jan Lennard Struff,jl_struff
Alejandro Davidovich Fokina,aledavidovichofficial
Lorenzo Musetti,lore_musetti
Sebastian Baez,sebastianbaez1
Felix Auger Aliassime,felixaliassime
Alexander Bublik,bublik
Christopher Eubanks,chris_eubanks96
Aslan Karatsev,karatsev93
Arthur Fils,arthur.fils
Mackenzie Mcdonald,mackiemacster
Lorenzo Sonego,lorenzosonego
Pablo Carreno Busta,pablo_carreno_
Marin Cilic,marincilic
Jenson Brooksby,jenson_brooksby
Filip Krajinovic,krajinovic_filip
Oscar Otte,oosmarin
Kamil Majchrzak,kamilmajchrzakk
Joao Sousa,joaosousaoficial
Facundo Bagnis,facubagnis
Emilio Gomez,emiliogomez91
Tim Van Rijthoven,timvrijthoven
Norbert Gombos,gombes
Chun Hsin Tseng,tseng_chun_hsin
Francesco Passaro,francesco_passaro_
Jack Sock,jack.sock
Jelle Sels,jelleavsels
Franco Agamenone,francoagamenone
Timofey Skatov,skatov_timofey
Manuel Guinard,manuelguinard
Leandro Riedi,leandroriedi
Carlos Taberner,carlostaberner
Ricardas Berankis,berankisr
Alexander Ritschard,alexritschard
Geoffrey Blancaneaux,geoffreyblancaneauxoff
Henri Laaksonen,henrilaaksonen92
Enzo Couacaud,enzo_ccd
Facundo Mena,facumena
Juan Pablo Ficovich,juampificovich
Renzo Olivo,renzolii
Tung Lin Wu,toniiiiwu
Oleksii Krutykh,alexeykrutykh
Riccardo Bonadio,riccardo_bonadio13
Adrian Andreev,adrian_andreevvv
Santiago Fa Rodriguez Taverna,santitavernaok
Nicolas Kicker,nicolaskicker
Dimitar Kuzmanov,kuzmanov.dimitar
Kaichi Uchida,kaichi1994
Stefan Kozlov,stefankozlov
Francesco Maestrelli,francesco_maestrelli
Gianluca Mager,gianluca.mager
Pierre Hugues Herbert,pierrehuguesherbert
Egor Gerasimov,gerasimovegor
Attila Balazs,_attilabalazs_
Juan Ignacio Londero,londerojuan
Alex Bolt,alex.bolt
Nikola Milojevic,milojevic__nikola
Cem Ilkel,cem.ilkel
Mats Moraing,mats_moraing
Salvatore Caruso,sabbocaruso
Yuichi Sugita,yucsugita
Altug Celikbilek,altugcelikbilek
Illya Marchenko,i.marchello
Ernesto Escobedo,netoesco
Bjorn Fratangelo,bjornfrat
Kacper Zuk,kacperzuk99
Mitchell Krueger,mitchell_krueger
Pedro Sousa,pedrosousa__
Jason Jung,jsnjung
Dmitry Popko,dmitrypopko
Blaz Rola,blazrola
Daniel Masur,badbounce
Ramkumar Ramanathan,ramkumar_ramanathan
Lukas Lacko,lukaslacko
Filip Horansky,hory81
Gian Marco Moroni,el____bufalo
Marco Trungelliti,marco.trungelliti
Antonie Hoang,antoinehoang1995
Jo Wilfried Tsonga,tsongaofficiel
Yasutaka Uchiyama,yasutaka0805
Cedrik Marcel Stebe,cedrikstebe
Prajnesh Gunneswaran,prajnesh
Go Soeda,gosoeda_official
Leonardo Mayer,yacamayer
Danilo Petrovic,petrovic_danilo
Paolo Lorenzi,lorenzi_paolo
Lorenzo Giustino,lorenzogiustino
Mohamed Safwat,safwat1990
Marcel Granollers,marcelgranollers
Joao Domingues,joao__domingues
Steven Diez,stevendiez91
Roberto Marcora,robimarcora
Frederico Ferreira Silva,fredsilva95
Denis Istomin,istomin.denis
Tatsuma Ito,tatsumaito_official
Jay Clarke,jayclarke
Mikael Torpegaard,torpegramm
Lukas Rosol,rosollukas
Brayden Schnur,braydenschnur
Dudi Sela,dudiselaofficial
Guillermo Garcia Lopez,ggl83
Sergiy Stakhovsky,stako_s
Steve Darcis,darcis_steve
Viktor Troicki,viktortroicki
Andrew Harris,andrewharris33
Darian King,tennisdarian
Marcos Baghdatis,baghdatis_official
Nicolas Mahut,nicomahut
Andrea Collarini,andrecollarini
Matthew Ebden,matt_ebden
Jared Donaldson,jared_donaldson
Ruben Bemelmans,rubenbemelmans
David Ferrer,davidferrer1982
Adrian Menendez Maceiras,adri_menendez85
Matthias Bachinger,bachi2487
Noah Rubin,noahrubin33
Yuki Bhambri,yukibhambri
Gilles Muller,gillesmueller23
Carlos Berlocq,charlyberlocqok
Simone Bolelli,simobole
Jurgen Zopp,jurgenzopp
Rogerio Dutra Silva,rogeriodutrasilva
Tim Smyczek,timsmyczek
Filippo Baldi,_filippobaldi
Luca Vanni,lucavanni23
Pedja Krstin,krstin_pedja
Horacio Zeballos,horaciozeballos
Alexey Vatutin,alexeyvatutin
Andrea Arnaboldi,andrearna27
Roberto Quiroz,robertoquirozg
Daniel Brands,danielbrands777
James Ward,jameswardtennis
Daniel Gimeno Traver,dani.gimeno.traver
Hiroki Moriya,hiroki.moriya
John Patrick Smith,jpsmithaustralia
Stephane Robert,stephane_robert80
Maxime Janvier,maximejanvier
Kenny De Schepper,kennydeschepper
Stefano Napolitano,ste.napolitano
Adam Pavlasek,adam_pavlasek
Alexandr Dolgopolov,alexdolgopolov
Julien Benneteau,julien__benneteau
Donald Young,donaldyoungjr
Yen Hsun Lu,lurendy
Victor Estrella,victorestrellaburgos
Mikhail Youzhny,youzhnyofficial
Blaz Kavcic,kavcicblaz
Gerald Melzer,geraldmelzerxiii
Janko Tipsarevic,tipsarevicjanko
Andrey Kuznetsov,4ndreykuznetsov
Thomaz Bellucci,belluccioficia
Gastao Elias,gastaoelias
Jerzy Janowicz,jerzy_janowicz_official
Dustin Brown,dreddy_ja
Uladzimir Ignatik,ignatikuladzimir
Akira Santillan,akirasantillan
Nicolas Almagro,nicoalmagros
Gleb Sakharov,glebsakharoff
Mathias Bourgue,bourguemathias
Tommy Robredo,tommyrobredo
Arthur De Greef,arthur.degreef
Aldin Setkic,aldosetkic
Viktor Galovic,viktorgalovic
Filip Peliwo,filippeliwo
Jurgen Melzer,jojomelzer
Marcelo Arevalo,marceloarevaloatp
Ze Zhang,zizi_zhang96
Goncalo Oliveira,goncalo17oliveira
Ricardo Ojeda Lara,rikiojeda93
Roberto Carballes Baena,robertocarballes
Ugo Humbert,ugohumbert
Mikhail Kukushkin,kukushkin_mikhail
Laslo Djere,lacidj_95
Peter Gojowczyk,peter.gojowczyk
Ilya Ivashka,ilyaivashka
Lloyd Harris,lloydharris24
Martin Klizan,klizan_martin
Bradley Klahn,bradleyklahn
Radu Albot,radu.albot11